mAP@50:95,mAP@50,mAP@75,small_objects_mAP@50:95,small_objects_mAP@50,small_objects_mAP@75,medium_objects_mAP@50:95,medium_objects_mAP@50,medium_objects_mAP@75,large_objects_mAP@50:95,large_objects_mAP@50,large_objects_mAP@75
0.5847954861400848,0.8034635005958155,0.6311961704844503,0.010041868625178372,0.017494814496929568,0.009557372202111253,0.2614135723645407,0.4008525391134856,0.2844800276794944,0.6263593006956074,0.8556463806782437,0.6721051144216841
