mAP@50:95,mAP@50,mAP@75,small_objects_mAP@50:95,small_objects_mAP@50,small_objects_mAP@75,medium_objects_mAP@50:95,medium_objects_mAP@50,medium_objects_mAP@75,large_objects_mAP@50:95,large_objects_mAP@50,large_objects_mAP@75
0.6448906888426549,0.8537233900933585,0.6980892446022139,0.12721357850070722,0.23592644978783595,0.10808580858085808,0.4112927551240128,0.5805890229311881,0.4714183817485057,0.6674228949982337,0.8764940723806403,0.7211906347831607
