mAP@50:95,mAP@50,mAP@75,small_objects_mAP@50:95,small_objects_mAP@50,small_objects_mAP@75,medium_objects_mAP@50:95,medium_objects_mAP@50,medium_objects_mAP@75,large_objects_mAP@50:95,large_objects_mAP@50,large_objects_mAP@75
0.6197602614802431,0.828439910069475,0.6773359742696401,0.07754775477547754,0.1026102610261026,0.1026102610261026,0.37611208044411726,0.5422101494022269,0.4298260895993123,0.6470810100352588,0.8599994673139012,0.7078683249585159
