mAP@50:95,mAP@50,mAP@75,small_objects_mAP@50:95,small_objects_mAP@50,small_objects_mAP@75,medium_objects_mAP@50:95,medium_objects_mAP@50,medium_objects_mAP@75,large_objects_mAP@50:95,large_objects_mAP@50,large_objects_mAP@75
0.7167281008138273,0.922879527112325,0.8176250059017777,-1,-1,-1,0.3836555661868707,0.4264289874365587,0.4264289874365587,0.7206865226276428,0.9241340572415538,0.8192552570861478
