mAP@50:95,mAP@50,mAP@75,small_objects_mAP@50:95,small_objects_mAP@50,small_objects_mAP@75,medium_objects_mAP@50:95,medium_objects_mAP@50,medium_objects_mAP@75,large_objects_mAP@50:95,large_objects_mAP@50,large_objects_mAP@75
0.680812746521841,0.8943267648628278,0.7305845481265314,0.09979580302258526,0.17804946486551487,0.07718381594256987,0.5802154230450306,0.749207580379535,0.6606909270902678,0.6930897074414573,0.9061646863751935,0.7499394737707076
