mAP@50:95,mAP@50,mAP@75,small_objects_mAP@50:95,small_objects_mAP@50,small_objects_mAP@75,medium_objects_mAP@50:95,medium_objects_mAP@50,medium_objects_mAP@75,large_objects_mAP@50:95,large_objects_mAP@50,large_objects_mAP@75
0.5249261458850832,0.8673849468804292,0.5379406088282908,-1,-1,-1,0.11169634061674472,0.15580527172046216,0.11263983541211264,0.5287094295556447,0.8688334400502847,0.5457828195688841
