mAP@50:95,mAP@50,mAP@75,small_objects_mAP@50:95,small_objects_mAP@50,small_objects_mAP@75,medium_objects_mAP@50:95,medium_objects_mAP@50,medium_objects_mAP@75,large_objects_mAP@50:95,large_objects_mAP@50,large_objects_mAP@75
0.5830912047099195,0.7970658997837798,0.6297195552370487,0.007825214039119404,0.010048545838190375,0.010017130745332597,0.26088473134065127,0.41149467885507446,0.2786122138745073,0.624484814014258,0.8491545921380087,0.6715924007799529
